backnum,playerName,playerCode,birth,info
35,윌슨,68135,19890925,-
15,안익훈,65115,19960212,-
33,박용택,72133,19790421,-
3,가르시아,68103,19850412,-
26,듀브론트,68526,19871023,-
3,민병헌,76249,19870310,-
7,이병규,76100,19831009,-
35,윌리엄슨,69405,19900715,-
66,김상호,62559,19890510,-
98,번즈,67598,19900807,-
56,신본기,62556,19890321,H_KT
64,나원탁,67454,19940820,-
44,파레디스,68244,19881125,-
24,오재원,77248,19850209,-
43,헥터,66643,19870126,-
16,김주찬,70410,19810325,-
50,버나디나,67650,19840612,-
29,나지완,78629,19850519,-
25,이범호,70756,19811125,-
14,이명기,76849,19871226,H_HH
23,켈리,65856,19881014,-
17,노수광,63704,19900806,H_HH
6,나주환,73209,19840614,-
27,로맥,67872,19850930,-
10,최승준,76158,19880111,-
66,최금강,62966,19890426,-
39,이종욱,73339,19800618,-
16,모창민,78813,19850508,-
35,스크럭스,67935,19870923,-
13,손시헌,73213,19801019,-
10,지석훈,73306,19840317,-
12,신진호,67944,19911020,-
1,양창섭,68415,19990922,P_SS
50,러프,67450,19860728,-
33,박한이,71432,19790128,-
23,배영섭,79465,19860627,-
6,손주인,72456,19831201,-
6,정현,63450,19940601,-
24,로하스,67025,19900524,-
5,윤석민,74215,19850904,-
61,유한준,74339,19810701,-
94,초이스,67394,19891110,-
14,서건창,78168,19890822,H_LG
7,김하성,64300,19951017,-
22,주효상,66354,19971111,H_HT
53,김민우,65764,19950725,P_HH
15,이용규,74163,19850826,H_WO
16,하주석,62700,19940225,H_HH
8,정근우,75808,19821002,-
50,이성열,73136,19840713,-
25,최진행,74729,19850817,-
56,백창수,60100,19880509,-
24,호잉,68730,19890518,-
6,오선진,78756,19890707,H_HH
17,임지섭,64155,19950906,-
66,박지규,65136,19911012,-
2,백승현,65109,19950526,-
18,윤성빈,67588,19990226,-
52,김동한,61204,19880624,-
10,이대호,71564,19820621,H_LT
0,채태인,77463,19821011,-
27,박헌도,79356,19870101,-
12,김사훈,61591,19870618,-
43,후랭코프,68240,19880827,-
51,조수행,66209,19930830,H_OB
43,오정환,68614,19990327,-
36,오준혁,61743,19920311,-
56,정성훈,99606,19800627,-
33,김주형,74605,19851215,-
30,유민상,62265,19890413,-
67,이영욱,78467,19851011,-
26,한승택,63722,19940621,H_HT
6,홍재호,60605,19870510,-
10,정의윤,75151,19860725,-
36,박정권,74846,19810721,-
4,이성우,71184,19810901,-
51,이재학,60263,19901004,P_NC
23,보니야,68400,19900618,-
34,김헌곤,61404,19881109,H_SS
5,조동찬,72466,19830727,-
38,주권,65060,19950531,P_KT
2,심우준,64006,19950428,H_KT
27,이해창,60343,19870511,-
8,브리검,67313,19880210,-
10,김태완,76746,19840127,-
56,장영석,79334,19900514,-
42,휠러,68742,19901027,-
12,양성우,62797,19890502,-
16,정범모,76720,19870326,-
58,금민철,75258,19861107,-
27,오정복,79453,19861013,-
52,남태혁,66052,19910313,-
33,김동욱,77462,19880624,-
16,박기혁,70553,19810604,-
42,이준수,77654,19880617,-
12,송민섭,64012,19910802,-
33,배영수,70425,19810504,-
5,정경운,66716,19930809,-
59,구창모,65933,19970217,P_NC
25,조평호,74358,19850807,-
46,레일리,65546,19880629,-
6,문규현,72546,19830705,-
15,산체스,68815,19891128,-
12,정진기,61869,19921010,H_NC
17,김대우,61365,19881121,P_SS
12,김민수,64793,19910302,-
4,김성훈,66462,19931027,-
16,한현희,62363,19930625,P_LT
13,김지수,79300,19860823,-
45,팻딘,67645,19890525,-
47,정용운,79617,19900706,-
44,백용환,78643,19890320,-
17,서동욱,73606,19840321,-
1,윤성환,74454,19811008,-
32,최영진,61197,19880510,-
61,소사,62698,19850728,-
28,정상호,71842,19821224,-
45,이용찬,77211,19890102,-
12,국해성,79290,19891008,H_LT
21,송승준,77591,19800629,-
9,정훈,60523,19870718,H_LT
29,류희운,64029,19950619,-
35,이진영,99810,19800615,-
48,왕웨이중,68948,19920425,-
48,샘슨,68748,19910106,-
7,송광민,76753,19830624,-
52,김태균,71752,19820529,-
45,로저스,65742,19850814,-
42,문승원,62869,19891128,P_SK
35,아델만,68435,19871113,-
32,피어밴드,65331,19850822,-
53,베렛,68953,19900619,-
17,이재율,66968,19930502,-
19,김재영,66741,19930722,-
66,지시완,64717,19940410,H_LT
53,예진원,68330,19990316,H_WO
36,추재현,68362,19990222,H_LT
4,최항,62884,19940103,H_SK
34,린드블럼,65543,19870615,-
32,이천웅,61186,19881020,-
16,김재율,61114,19890114,-
19,강상원,66710,19970505,-
18,김민혁,65269,19960503,H_OB
49,백동훈,63559,19900916,-
45,김대현,66145,19970308,-
55,하영민,64350,19950507,-
19,문성현,60336,19911109,-
5,김용의,78217,19850820,-
60,최준석,71552,19830215,-
55,윤규진,73750,19840728,-
24,임훈,74823,19850717,-
19,신재영,62937,19891118,-
34,김원중,62528,19930614,-
29,유희관,79229,19860601,-
61,이민우,65616,19930209,-
33,정진호,61208,19881002,-
29,백정현,77446,19870713,P_SS
64,김문호,76509,19870622,-
51,김태훈,79847,19900519,-
23,차우찬,76455,19870531,-
38,안영명,73738,19841119,-
47,박세진,66047,19970627,-
31,홍현빈,67005,19970829,H_KT
9,박찬도,62409,19890222,-
31,허정협,65399,19900217,-
2,황윤호,62908,19930922,-
51,장진혁,66706,19930930,H_HH
44,이성곤,64266,19920325,H_HH
40,니퍼트,61240,19810506,-
36,정수민,66960,19900401,-
63,양종민,79530,19901009,-
29,이택근,73342,19800710,-
24,김회성,79705,19851204,-
63,유재유,66160,19970303,-
9,박정음,62353,19890415,-
19,장원삼,76355,19830609,-
13,이시원,66702,19960724,H_KT
5,황진수,78566,19890215,-
17,임기영,62754,19930416,P_HT
23,최정민,62893,19890602,-
38,노경은,73211,19840311,-
3,김지열,78753,19880809,-
50,이영하,66291,19971101,P_OB
29,손주영,67143,19981202,-
16,김건태,60339,19911002,-
48,권정웅,65412,19921115,-
39,김인태,63257,19940703,H_OB
36,김규민,62356,19930126,-
32,김진욱,68701,20000113,-
34,오영수,68904,20000130,H_NC
21,김성민,67828,19940426,-
37,박시영,60559,19890310,-
32,이원재,62025,19890520,-
14,유재신,76368,19871121,-
39,김민하,61554,19890225,-
27,문선재,79113,19900520,-
7,정주현,79150,19901013,H_LG
13,윤진호,79198,19860623,-
40,현도훈,68260,19930113,-
20,최성영,66920,19970428,P_NC
35,전민수,78361,19890318,-
25,홍성갑,61366,19920802,-
38,윤병호,62016,19890705,-
92,윤수강,62537,19900222,-
8,김재현,76869,19871107,-
49,박헌욱,62921,19930411,-
46,김용주,60764,19911023,-
0,나경민,66508,19911212,-
62,박준혁,64724,19910109,-
26,박대온,64944,19950828,H_NC
53,조홍석,63593,19900223,-
20,노성호,62920,19891022,-
8,김진곤,63088,19870910,-
5,신성현,64086,19901019,H_OB
23,박준태,64657,19910726,H_WO
24,윤석민,75620,19860724,-
64,류승현,66615,19970701,-
6,김찬형,66917,19971229,H_SK
4,강경학,61700,19920811,-
63,황인준,65618,19910723,-
61,김정인,65392,19960603,-
27,한기주,76610,19870429,-
17,김태훈,62360,19920302,-
35,김영준,68130,19990112,P_LG
63,이원준,67863,19980702,-
52,서상우,62164,19890917,-
24,백승민,64410,19900709,-
31,신정락,60140,19870513,-
55,이승진,64805,19950107,-
49,김유신,68659,19990614,-
33,윤정우,61652,19880512,-
55,김사율,99563,19800417,-
35,이명우,72535,19820603,-
22,김형준,68912,19991102,-
0,해커,63938,19830326,-
21,이형범,62951,19940227,-
35,정병곤,61104,19880323,-
8,김재균,68908,19990117,-
44,반슬라이크,68245,19860724,-
28,하준호,78517,19890429,-
12,임창용,95657,19760604,-
18,김진영,67737,19920416,-
61,김성훈,67762,19980204,-
0,김창혁,60184,19910517,-
44,헤일,68794,19870927,-
43,김민,68043,19990414,-
9,이대수,72860,19810821,-
47,김범수,65769,19951003,-
54,여건욱,79825,19860916,-
6,황경태,66207,19960817,-
33,허일,61566,19921120,-
44,배재준,63145,19941124,P_LG
61,양원혁,64117,19910721,-
3,백상원,60456,19880102,-
39,최원제,77466,19890204,-
45,샌즈,68345,19870928,-
46,장시윤,63360,19930923,-
67,신병률,68067,19960130,-
36,장민재,79764,19900319,P_HH
64,김태오,66064,19970729,-
43,허준혁,79535,19900930,-
19,전상현,66609,19960418,-
55,이흥련,63440,19890516,-
47,이승호,67603,19990208,P_WO
2,김태진,64984,19951007,H_WO
13,전병우,65586,19921024,H_WO
66,윤희상,74838,19850517,-
11,이현호,61214,19920714,-
30,박진우,63991,19900212,-
51,홍건희,61643,19920929,-
53,이대형,73153,19830719,-
50,조셉,69150,19910716,-
50,베탄코트,69950,19910902,-
30,아수아헤,69530,19911102,-
44,김준태,62558,19940731,H_KT
9,페르난데스,69209,19880427,H_OB
5,해즐베이커,69605,19870814,-
35,헤일리,69435,19910616,-
55,김경호,64260,19950731,-
35,전민재,68205,19990630,H_OB
33,유로결,69766,20000530,H_HH
56,윌랜드,69656,19900121,-
11,이대은,67008,19890323,-
3,고명성,68069,19990416,-
50,톰슨,69550,19940131,-
58,김영규,68900,20000210,-
42,김도환,69442,20000414,-
50,다익손,69861,19940702,-
48,채드벨,69748,19890228,-
28,장시환,77318,19871101,-
11,윤강민,63936,19901008,-
51,최충연,66451,19970305,-
8,김기환,65462,19950825,-
44,서폴드,69744,19900116,-
59,정우영,69159,19990819,-
13,맥과이어,69413,19890623,-
59,최선호,64493,19911212,-
41,박주홍,68703,19990820,-
34,버틀러,69934,19910313,-
58,정준혁,63558,19940401,-
40,루친스키,69940,19881230,P_NC
40,터너,69640,19910521,-
43,요키시,69343,19890729,P_WO
41,손동현,69041,20010123,-
20,김기훈,69620,20000103,-
33,변우혁,69727,20000318,H_HT
3,박정우,65620,19960321,-
63,김진형,79234,19900607,-
1,강로한,65515,19920513,-
47,홍상삼,78247,19900213,-
46,이태양,60768,19900703,P_HH
52,송준석,64469,19940504,H_SS
46,류형우,64164,19950507,-
45,양승철,69646,19920715,-
64,김영환,63448,19930131,-
2,배성근,64501,19950427,H_LT
46,강민국,64906,19920110,-
44,김응민,60288,19911022,-
59,오선우,69636,19961213,-
9,공민규,68407,19990927,H_SS
4,이창열,64706,19910906,-
48,강이준,67604,19980407,-
37,이우찬,61145,19920804,-
15,이인행,60648,19910630,-
1,유원상,76757,19860617,-
22,터커,69652,19900706,-
19,최하늘,68501,19990326,P_SS
3,유영준,63903,19940713,-
11,류제국,63111,19830530,-
47,이승헌,68529,19981219,-
61,조영건,69360,19990204,-
58,차명진,64615,19950303,-
39,서준원,69539,20001105,P_LT
54,조이현,64768,19950627,P_KT
46,최민재,63895,19940108,-
47,김종민,79364,19860330,-
97,이케빈,66444,19920213,-
32,김창평,69825,20000614,-
62,전준호,67123,19980701,-
2,임재현,64803,19910529,-
37,김은성,65304,19930307,-
2,구본혁,69100,19970111,-
3,최윤석,60805,19870328,-
31,전유수,75340,19861129,-
31,이현동,62499,19930327,-
69,윌슨,69569,19900729,-
9,최승민,65905,19960701,H_NC
0,이인혁,68901,19990103,-
20,안승한,64011,19920125,H_OB
26,김민수,65048,19920724,-
38,문동욱,64554,19920107,-
63,박한결,63703,19941224,-
51,박윤철,69762,19960323,-
39,양현,61268,19920823,-
58,최경모,69802,19960617,H_SK
34,스몰린스키,69901,19890209,-
53,프리드릭,69953,19870708,-
65,페게로,69165,19870222,-
49,김선기,66018,19910901,P_WO
60,김성민,69860,19930512,-
25,이현석,65869,19920607,-
11,임준섭,62611,19890716,-
25,김윤수,68403,19991208,P_SS
11,김도현,69745,20000915,-
51,이정현,67048,19971205,-
39,라이블리,69439,19920305,-
20,송창현,63791,19890817,-
3,김주한,66859,19930203,-
65,박승규,69418,20000902,H_SS
52,고장혁,63636,19900108,-
42,정보근,68518,19990831,H_LT
30,장운호,63700,19940220,H_HH
5,김재현,64499,19910830,H_SK
11,신재웅,75138,19820328,-
97,정인욱,79440,19901218,-
23,최정용,65464,19961024,H_HT
69,박진태,67646,19941019,-
20,이준영,65665,19920810,-
14,김병희,64014,19901206,H_KT
67,심수창,74167,19810209,-
58,강정현,69158,19950923,-
20,킹험,50815,19911108,-
6,마차도,50506,19920222,-
40,데스파이네,50040,19870404,P_KT
23,알테어,50923,19910114,-
68,살라디노,50468,19890720,-
44,라모스,50165,19941228,-
0,모터,50300,19890918,-
35,핀토,50835,19940120,-
12,라이트,50912,19900103,-
46,송은범,73801,19840317,-
36,브룩스,50636,19900427,-
34,플렉센,50234,19940701,-
40,가뇽,50640,19900626,-
30,소형준,50030,20010916,P_KT
9,김성표,63435,19940317,H_SS
35,이홍구,63634,19901211,-
24,박재욱,64100,19951206,-
59,백승건,69839,20001029,P_SK
2,노태형,64704,19950208,-
26,이민호,50126,20010830,P_LG
2,변상권,68305,19970404,-
16,이건욱,64861,19950213,P_SK
49,허윤동,50449,20010619,P_SS
24,샘슨,50524,19911007,-
25,정대현,60264,19910719,-
27,김호령,65653,19920430,H_HT
54,천성호,50054,19971030,-
7,권민석,68204,19990220,-
31,양우현,69403,20000413,-
12,김재유,65506,19920807,-
9,박정현,50709,20010727,H_HH
34,최인호,50707,20000130,-
42,박상언,66707,19970303,H_HH
4,조한민,69705,20001020,-
67,조제영,50296,20010212,-
34,김호은,66113,19920103,-
64,이승민,50464,20000826,-
43,박소준,63292,19950121,-
61,김진호,67954,19980607,-
16,서예일,66203,19930619,H_OB
39,조병욱,67045,19980608,-
47,김윤식,50157,20000403,P_LG
41,김대우,78536,19840726,-
2,유서준,64890,19951204,-
28,김재웅,67391,19981022,-
69,김지수,65503,19961029,-
67,이거연,50819,19970615,-
24,임종찬,50704,20010928,-
30,반즈,50730,19860515,-
95,정기훈,64209,19950218,-
27,러셀,50350,19940123,H_WO
12,최용제,64213,19910712,-
6,홍종표,50600,20000502,-
53,송우현,65362,19961227,-
19,김민규,68200,19990507,-
69,팔카,50469,19911028,-
15,화이트,50802,19901029,-
48,김성민,50848,20010430,-
99,윤정현,69399,19930517,P_WO
53,함덕주,63248,19950113,-
68,이상민,63960,19901104,-
56,채현우,69804,19951121,-
50,장현식,63950,19950224,-
68,류효승,50868,19960716,-
56,김현수,69516,20000710,-
45,박정수,65639,19960129,-
26,장필준,77927,19880408,P_SS
35,남호,69104,20000720,-
39,류원석,63103,19891118,-
48,장웅정,50706,19970411,-
45,최영환,64718,19920220,P_LT
31,오동욱,69703,20010201,-
26,허관회,69706,19990212,H_HH
4,알몬테,51004,19890610,-
22,카펜터,51722,19900822,-
25,힐리,51725,19920110,-
6,파슨스,51967,19920906,-
24,프레이타스,51324,19890318,-
15,김진욱,51516,20020705,P_LT
57,미란다,51257,19890110,-
32,강태율,65514,19961101,H_LT
3,안재석,51203,20020215,H_OB
15,멩덴,51619,19930219,-
12,고명준,51868,20020708,H_SK
31,나승엽,51551,20020215,-
34,스미스,51334,19870807,-
36,수아레즈,51136,19920911,-
34,로켓,51234,19940503,-
53,이주형,50167,20010402,H_LG
67,프랑코,51567,19921229,-
34,르위키,51834,19920408,-
62,김주성,66162,19980130,-
46,한석현,64101,19940517,H_NC
63,폰트,51863,19900524,P_SK
55,이상영,69168,20001203,P_LG
21,강동연,61295,19921218,-
26,남재현,66660,19960913,-
3,권동진,51003,19980912,H_KT
49,장두성,68507,19990916,H_LT
0,박정우,67609,19980201,-
21,김정빈,63894,19940608,-
61,배동현,51761,19980316,-
0,안권수,50202,19930419,H_LT
60,이주찬,51560,19980921,-
48,이승관,68797,19991201,-
50,김주현,66749,19931221,-
0,이영빈,51100,20020617,H_LG
24,김태훈,65040,19960331,H_SS
5,윤대경,63464,19940409,-
19,구준범,64498,19950318,-
15,김기중,51715,20021116,P_HH
46,양선률,50813,19970415,-
22,문찬종,50365,19910323,-
19,윤중현,68619,19950425,-
57,박민,50657,20010605,-
69,최용준,50650,20011219,-
34,심재민,64017,19940218,-
58,이주형,51302,20020705,H_WO
0,김건형,51005,19960712,-
68,강윤구,79358,19900710,-
63,장지승,51706,19980704,-
33,가빌리오,51833,19900522,-
10,이명기,69366,20000103,-
39,몽고메리,51439,19890701,-
4,김병휘,50304,20010216,-
30,최민준,68856,19990611,P_SK
44,권혁경,51640,20020123,-
44,보어,51144,19880528,-
60,김동혁,50360,20011227,-
60,김태경,50992,20010407,P_NC
24,크레익,51309,19941116,-
78,강태경,50905,20010726,-
46,이재희,51460,20011011,P_SS
14,페레즈,51714,19910326,-
49,최보성,68909,19981016,-
50,이원석,68700,19990331,H_HH
57,김규남,69810,19950512,-
44,배민서,69974,19991118,-
59,김건우,51867,20020712,-
31,이정범,67807,19980410,H_SK
11,남지민,50720,20010212,P_HH
97,조병현,51897,20020508,-
36,다카하시,51636,19970123,-
62,장규현,51762,20020628,-
64,최승용,51264,20010511,P_OB
67,송호정,51767,20020310,-
59,임준형,69113,20001116,-
41,정민규,51764,20030110,-
35,김석환,67610,19990228,H_HT
2,박지훈,50204,20000907,-
46,김명신,67246,19931129,-
12,터크먼,52712,19901203,H_HH
4,마티니,52904,19900627,H_NC
12,루이즈,52112,19940522,-
25,라모스,52025,19920415,-
8,애플러,52308,19930105,P_WO
66,푸이그,52366,19901207,H_WO
27,크론,52827,19930217,-
26,피터스,52526,19951212,-
6,오명진,50208,20010904,-
9,이병규,67363,19941005,H_WO
16,조세진,52516,20031121,H_LT
67,윤도현,52667,20030507,-
68,김한별,50902,20010118,H_NC
98,이성원,68706,19991102,-
66,송찬의,68110,19990220,H_LG
34,스탁,52234,19891121,P_OB
45,로니,52645,19960106,-
33,노바,52833,19870112,-
63,이상우,52063,20031014,-
102,안현민,52001,20030822,-
35,이태훈,68466,19950403,H_SS
28,임석진,66833,19971010,H_HT
4,이재홍,51307,19981217,-
4,이상혁,52704,20010914,-
36,양경식,51305,20010203,-
13,하재훈,69813,19901029,H_SK
56,최준용,50556,20011010,-
37,놀린,52637,19891226,P_HT
50,오태양,51996,20020425,H_NC
24,김재혁,52424,19991226,-
66,박신지,68249,19990716,P_OB
57,스파크맨,52557,19920511,P_LT
64,허인서,52764,20030711,H_HH
21,김시훈,68928,19990224,-
95,원혁재,67760,19950129,-
8,최상민,68805,19990820,H_SK
13,유준규,51013,20020816,-
26,박유연,67202,19981220,-
30,강현구,51269,20020616,-
56,권광민,52769,19971212,H_HH
68,한태양,52568,20030915,H_LT
67,이해승,69416,20000801,H_SS
69,석정우,52804,19990120,H_SK
56,전의산,50820,20001125,H_SK
48,이용준,51948,20020508,P_NC
60,전영준,52809,20020416,-
63,김민수,69500,19960611,-
22,라미레즈,52707,19931128,P_HH
26,김시앙,51303,20011031,H_WO
25,가르시아,52125,19930328,H_LG
27,라가레스,52806,19890317,H_SK
92,김태근,69207,19960810,H_OB
92,양승혁,68002,19990929,H_KT
33,모리만도,52808,19921120,P_SK
30,이민석,52530,20031210,P_LT
8,송승환,69203,20001028,H_OB
50,더모디,52950,19900704,P_NC
30,주승우,52330,20000130,P_WO
30,김영웅,52430,20030824,H_SS
65,유상빈,52705,20000509,H_HH
23,이병헌,69428,19991026,H_SS
31,박준영,52731,20030302,P_HH
32,조형우,51865,20020404,H_SK
12,김기연,66112,19970907,H_LG
59,강효종,51143,20021014,P_LG
12,오그레디,53712,19920517,H_HH
5,강민성,69064,19991208,H_KT
58,정준영,53058,20040126,H_KT
45,메디나,53645,19961218,P_HT
34,스미스,53734,19900412,P_HH
57,손민석,53057,20040621,H_KT
96,윤준호,53296,20001114,-
33,맥카티,53833,19951012,P_SK
0,김유영,64596,19940502,-
98,송영진,53898,20040528,P_SK
65,김정민,53865,20040307,-
40,슐서,53040,19940505,P_KT
0,김재상,53400,20040726,H_SS
36,류현인,53036,20001108,H_KT
39,박명근,53139,20040327,P_LG
12,김건희,53312,20041107,H_WO
31,윤정빈,68463,19990624,H_SS
94,한경빈,52710,19981211,-
37,김동우,68589,19951001,-
56,정구범,50995,20000616,-
38,오장한,51991,20020520,H_NC
63,송재선,53303,20000630,H_WO
44,김건웅,53844,20000508,H_SK
21,오승환,75421,19820715,P_SS
33,딜런,53233,19960604,P_OB
0,문상준,50007,20010314,H_KT
25,김상민,52402,20031206,H_SS
69,서동욱,53569,20000324,H_LT
63,윤수녕,53505,20000301,H_LT
95,이원재,52295,20030507,P_OB
98,박민석,69056,20000413,H_KT
0,박영빈,50906,19970716,H_NC
68,이선우,69068,20000919,P_KT
44,김범석,53144,20040521,H_LG
33,김휘집,51344,20020101,H_WO
30,허도환,77243,19840731,H_LG
43,조성훈,68848,19990322,P_SK
7,최준우,68868,19990325,H_SK
56,정성종,68556,19951116,P_LT
5,김민수,67504,19980318,H_LT
26,한승혁,61666,19930103,P_HH
50,이지강,69108,19990702,P_LG
28,장원준,74513,19850731,P_OB
35,이인복,64565,19910618,P_LT
12,신범수,66662,19980125,H_HT
37,박건우,79215,19900908,H_NC
18,박석민,74465,19850622,H_NC
3,신윤후,69508,19960105,H_LT
38,김동엽,66838,19900724,H_SS
8,김호재,64407,19950531,H_SS
13,이성규,66409,19930803,H_SS
37,김대한,69238,20001206,H_OB
44,김동헌,53344,20040715,H_WO
64,앤더슨,53664,19941029,P_HT
57,양찬열,50293,19970525,H_OB
96,이준호,53996,20000327,P_NC
17,이원석,75566,19861021,H_WO
32,조민성,52405,20031002,H_SS
13,윤영철,53613,20040420,P_HT
55,한준수,68646,19990213,H_HT
50,박종훈,60841,19910813,P_SK
14,최정,75847,19870228,H_SK
20,이재원,76812,19880224,H_SK
55,강현우,50066,20010413,H_KT
1,임찬규,61101,19921120,P_LG
52,이재원,68106,19990717,H_LG
16,김민성,77564,19881217,H_LG
24,손호영,50150,19940823,H_LG
65,고승민,69517,20000811,H_LT
59,한승주,50726,20010317,P_HH
61,장재영,51359,20020510,P_WO
41,김동주,51230,20020214,P_OB
13,허경민,79240,19900826,H_OB
61,황동재,50441,20011103,P_SS
44,오재일,75334,19861029,H_SS
14,안주형,66406,19930814,H_SS
46,류승민,53404,20041011,H_SS
66,이창진,64560,19910304,H_HT
56,최채흥,68419,19950122,P_SS
43,김건국,76225,19880202,P_HT
52,황대인,65610,19960210,H_HT
14,김규성,66614,19970308,H_HT
18,엄상백,65056,19961004,P_KT
8,안치영,67006,19980529,H_KT
4,오윤석,64504,19920224,H_KT
3,장준원,64115,19951121,H_KT
47,곽빈,68220,19990528,P_OB
44,홍성호,66233,19970715,H_OB
14,박계범,64468,19960111,H_OB
48,이의리,51648,20020616,P_HT
16,이상호,60566,19890205,H_KT
45,플럿코,52145,19911003,P_LG
21,박세웅,64021,19951130,P_LT
17,렉스,52547,19931112,H_LT
25,엘리아스,53825,19880801,P_SK
27,에레디아,53827,19910131,H_SK
10,안상현,66864,19970127,H_SK
34,산체스,53714,19970411,P_HH
25,김태연,66704,19970610,H_HH
97,김건,69702,20000223,H_HH
53,신민혁,68902,19990204,P_NC
33,최정원,69992,20000624,H_NC
2,박민우,62907,19930206,H_NC
3,김수윤,67900,19980716,H_NC
20,최원태,65320,19970107,P_WO
57,박주홍,50357,20010416,H_WO
43,알칸타라,69045,19921204,P_OB
7,이유찬,67207,19980805,H_OB
65,산체스,53665,19941031,P_HT
57,고종욱,61353,19890111,H_HT
19,배제성,65516,19960929,P_KT
31,이정용,69134,19960326,P_LG
58,스트레일리,50558,19881201,P_LT
6,손성빈,51528,20020114,H_LT
47,오원석,50859,20010423,P_SK
35,한유섬,62895,19890809,H_SK
20,페냐,52720,19900225,P_HH
57,수아레즈,52457,19891008,P_SS
11,송명기,69962,20000809,P_NC
25,김성욱,62934,19930501,H_NC
58,정찬헌,78148,19900126,P_WO
61,최원준,67263,19941221,P_OB
43,벤자민,52043,19930726,P_KT
41,안우진,68341,19990830,P_WO
48,박찬혁,52348,20030425,H_WO
31,김수환,68346,19980320,H_WO
1,문동주,52701,20031223,P_HH
45,이진영,66657,19970721,H_HH
37,김인환,66715,19940128,H_HH
8,노시환,69737,20001203,H_HH
22,채은성,79192,19900206,H_HH
64,문현빈,53764,20040420,H_HH
13,최재훈,78288,19890827,H_HH
3,윌리엄스,53716,19930908,H_HH
43,정은원,68743,20000117,H_HH
7,이도윤,65703,19961007,H_HH
3,켈리,69103,19891004,P_LG
51,홍창기,66108,19931121,H_LG
8,문성주,68119,19970220,H_LG
22,김현수,76290,19880112,H_LG
23,오스틴,53123,19931014,H_LG
10,오지환,79109,19900312,H_LG
27,박동원,79365,19900407,H_LG
2,문보경,69102,20000719,H_LG
17,박해민,62415,19900224,H_LG
4,신민재,65207,19960121,H_LG
32,쿠에바스,69032,19901014,P_KT
50,강백호,68050,19990729,H_KT
34,이호연,68504,19950603,H_KT
23,조용호,64868,19890909,H_KT
75,후라도,53375,19960130,P_WO
29,임지열,64340,19950822,H_WO
36,이형종,78135,19890607,H_WO
56,이지영,79456,19860227,H_WO
5,신준우,50312,20010621,H_WO
43,나균안,67539,19980316,P_LT
25,한동희,68525,19990601,H_LT
1,황성빈,50500,19971219,H_LT
13,페디,53913,19930225,P_NC
10,박세혁,62244,19900109,H_NC
48,브랜든,52257,19940603,P_OB
31,정수빈,79231,19901007,H_OB
52,김재호,74206,19850321,H_OB
11,로하스,53211,19930224,H_OB
25,양의지,76232,19870605,H_OB
53,양석환,64153,19910715,H_OB
32,김재환,78224,19880922,H_OB
23,강승호,63123,19940209,H_OB
22,장승현,63202,19940307,H_OB
9,박준영,66928,19970805,H_OB
29,김광현,77829,19880722,P_SK
17,추신수,51817,19820713,H_SK
54,최지훈,50854,19970723,H_SK
28,강진성,62925,19931019,H_SK
53,최주환,76267,19880228,H_SK
2,박성한,67893,19980330,H_SK
0,김강민,71837,19820913,H_SK
6,김성현,76802,19870309,H_SK
24,김민식,62864,19890628,H_SK
37,오태곤,60558,19911118,H_SK
18,원태인,69446,20000406,P_SS
58,김지찬,50458,20010308,H_SS
47,강민호,74540,19850818,H_SS
45,파노니,52606,19940428,P_HT
1,고영표,64001,19910916,P_KT
53,김민혁,64004,19951121,H_KT
7,김상수,79402,19900323,H_KT
25,알포드,52009,19940720,H_KT
52,박병호,75125,19860710,H_KT
22,장성우,78548,19900117,H_KT
10,황재균,76313,19870728,H_KT
24,문상철,64007,19910406,H_KT
6,박경수,73113,19840331,H_KT
27,배정대,64166,19950612,H_KT
22,맥키니,53322,19941118,P_WO
10,김준완,63920,19910120,H_WO
3,김혜성,67304,19990127,H_WO
51,이정후,67341,19980820,H_WO
1,김웅빈,65898,19960209,H_WO
24,송성문,65357,19960829,H_WO
25,주성원,69332,20000830,H_WO
35,임병욱,64346,19950930,H_WO
32,김재현,62332,19930318,H_WO
6,김주형,69306,19960305,H_WO
28,반즈,52528,19951001,P_LT
2,김민석,53554,20040509,H_LT
91,윤동희,52591,20030918,H_LT
13,안치홍,79608,19900702,H_LT
48,이정훈,67644,19941207,H_LT
8,전준우,78513,19860225,H_LT
52,노진혁,62931,19890715,H_LT
27,유강남,61102,19920715,H_LT
53,박승욱,62802,19921204,H_LT
7,이학주,69453,19901104,H_LT
27,와이드너,53927,19941024,P_NC
31,손아섭,77532,19880318,H_NC
5,서호철,69995,19961016,H_NC
55,마틴,53955,19950905,H_NC
36,권희동,63963,19901230,H_NC
52,윤형준,63905,19940131,H_NC
23,천재환,67905,19940401,H_NC
7,김주원,51907,20020730,H_NC
32,안중열,64022,19950901,H_NC
16,도태훈,66965,19930318,H_NC
4,뷰캐넌,50404,19890511,P_SS
41,김현준,51417,20021011,H_SS
39,김성윤,67449,19990202,H_SS
5,구자욱,62404,19930212,H_SS
63,피렐라,51463,19891121,H_SS
6,강한울,64610,19910912,H_SS
42,류지혁,62234,19940113,H_SS
7,이재현,52415,20030204,H_SS
48,김재성,65132,19961030,H_SS
3,김동진,51403,19961218,H_SS
54,양현종,77637,19880301,P_HT
16,최원준,66606,19970323,H_HT
5,김도영,52605,20031002,H_HT
47,나성범,62947,19891003,H_HT
34,최형우,72443,19831216,H_HT
30,소크라테스,52630,19920906,H_HT
3,김선빈,78603,19891218,H_HT
25,이우성,63260,19940717,H_HT
8,김태군,78122,19891230,H_HT
1,박찬호,64646,19950605,H_HT
