idx,code,name,position
000001,68135,윌슨,pit
000002,65115,안익훈,hit
000003,72133,박용택,hit
000004,68103,가르시아,hit
000005,68526,듀브론트,pit
000006,76249,민병헌,hit
000007,76100,이병규,hit
000008,69405,윌리엄슨,hit
000009,62559,김상호,hit
000010,67598,번즈,hit
000011,62556,신본기,hit
000012,67454,나원탁,hit
000013,68244,파레디스,hit
000014,77248,오재원,hit
000015,66643,헥터,pit
000016,70410,김주찬,hit
000017,67650,버나디나,hit
000018,78629,나지완,hit
000019,70756,이범호,hit
000020,76849,이명기,hit
000021,65856,켈리,pit
000022,63704,노수광,hit
000023,73209,나주환,hit
000024,67872,로맥,hit
000025,76158,최승준,hit
000026,62966,최금강,pit
000027,73339,이종욱,hit
000028,78813,모창민,hit
000029,67935,스크럭스,hit
000030,73213,손시헌,hit
000031,73306,지석훈,hit
000032,67944,신진호,hit
000033,68415,양창섭,pit
000034,67450,러프,hit
000035,71432,박한이,hit
000036,79465,배영섭,hit
000037,72456,손주인,hit
000038,63450,정현,hit
000039,67025,로하스,hit
000040,74215,윤석민,hit
000041,74339,유한준,hit
000042,67394,초이스,hit
000043,78168,서건창,hit
000044,64300,김하성,hit
000045,66354,주효상,hit
000046,65764,김민우,pit
000047,74163,이용규,hit
000048,62700,하주석,hit
000049,75808,정근우,hit
000050,73136,이성열,hit
000051,74729,최진행,hit
000052,60100,백창수,hit
000053,68730,호잉,hit
000054,78756,오선진,hit
000055,64155,임지섭,pit
000056,65136,박지규,hit
000057,65109,백승현,hit
000058,67588,윤성빈,pit
000059,61204,김동한,hit
000060,71564,이대호,hit
000061,77463,채태인,hit
000062,79356,박헌도,hit
000063,61591,김사훈,hit
000064,68240,후랭코프,pit
000065,66209,조수행,hit
000066,68614,오정환,hit
000067,61743,오준혁,hit
000068,99606,정성훈,hit
000069,74605,김주형,hit
000070,62265,유민상,hit
000071,78467,이영욱,hit
000072,63722,한승택,hit
000073,60605,홍재호,hit
000074,75151,정의윤,hit
000075,74846,박정권,hit
000076,71184,이성우,hit
000077,60263,이재학,pit
000078,68400,보니야,pit
000079,61404,김헌곤,hit
000080,72466,조동찬,hit
000081,65060,주권,pit
000082,64006,심우준,hit
000083,60343,이해창,hit
000084,67313,브리검,pit
000085,76746,김태완,hit
000086,79334,장영석,hit
000087,68742,휠러,pit
000088,62797,양성우,hit
000089,76720,정범모,hit
000090,75258,금민철,pit
000091,79453,오정복,hit
000092,66052,남태혁,hit
000093,77462,김동욱,hit
000094,70553,박기혁,hit
000095,77654,이준수,hit
000096,64012,송민섭,hit
000097,70425,배영수,pit
000098,66716,정경운,hit
000099,65933,구창모,pit
000100,74358,조평호,hit
000101,65546,레일리,pit
000102,72546,문규현,hit
000103,68815,산체스,pit
000104,61869,정진기,hit
000105,61365,김대우,pit
000106,64793,김민수,hit
000107,66462,김성훈,hit
000108,62363,한현희,pit
000109,79300,김지수,hit
000110,67645,팻딘,pit
000111,79617,정용운,pit
000112,78643,백용환,hit
000113,73606,서동욱,hit
000114,74454,윤성환,pit
000115,61197,최영진,hit
000116,62698,소사,pit
000117,71842,정상호,hit
000118,77211,이용찬,pit
000119,79290,국해성,hit
000120,77591,송승준,pit
000121,60523,정훈,hit
000122,64029,류희운,pit
000123,99810,이진영,hit
000124,68948,왕웨이중,pit
000125,68748,샘슨,pit
000126,76753,송광민,hit
000127,71752,김태균,hit
000128,65742,로저스,pit
000129,62869,문승원,pit
000130,68435,아델만,pit
000131,65331,피어밴드,pit
000132,68953,베렛,pit
000133,66968,이재율,hit
000134,66741,김재영,pit
000135,64717,지시완,hit
000136,68330,예진원,hit
000137,68362,추재현,hit
000138,62884,최항,hit
000139,65543,린드블럼,pit
000140,61186,이천웅,hit
000141,61114,김재율,hit
000142,66710,강상원,hit
000143,65269,김민혁,hit
000144,63559,백동훈,hit
000145,66145,김대현,hit
000146,64350,하영민,pit
000147,60336,문성현,pit
000148,78217,김용의,hit
000149,71552,최준석,hit
000150,73750,윤규진,pit
000151,74823,임훈,hit
000152,62937,신재영,pit
000153,62528,김원중,pit
000154,79229,유희관,pit
000155,65616,이민우,pit
000156,61208,정진호,hit
000157,77446,백정현,pit
000158,76509,김문호,hit
000159,79847,김태훈,pit
000160,76455,차우찬,pit
000161,73738,안영명,pit
000162,66047,박세진,pit
000163,67005,홍현빈,hit
000164,62409,박찬도,hit
000165,65399,허정협,hit
000166,62908,황윤호,hit
000167,66706,장진혁,hit
000168,64266,이성곤,hit
000169,61240,니퍼트,pit
000170,66960,정수민,pit
000171,79530,양종민,hit
000172,73342,이택근,hit
000173,79705,김회성,hit
000174,66160,유재유,pit
000175,62353,박정음,hit
000176,76355,장원삼,pit
000177,66702,이시원,hit
000178,78566,황진수,hit
000179,62754,임기영,pit
000180,62893,최정민,hit
000181,73211,노경은,pit
000182,78753,김지열,hit
000183,66291,이영하,pit
000184,67143,손주영,pit
000185,60339,김건태,pit
000186,65412,권정웅,hit
000187,63257,김인태,hit
000188,62356,김규민,hit
000189,68701,김진욱,pit
000190,68904,오영수,hit
000191,67828,김성민,pit
000192,60559,박시영,pit
000193,62025,이원재,hit
000194,76368,유재신,hit
000195,61554,김민하,hit
000196,79113,문선재,hit
000197,79150,정주현,hit
000198,79198,윤진호,hit
000199,68260,현도훈,pit
000200,66920,최성영,pit
000201,78361,전민수,hit
000202,61366,홍성갑,hit
000203,62016,윤병호,hit
000204,62537,윤수강,hit
000205,76869,김재현,hit
000206,62921,박헌욱,hit
000207,60764,김용주,pit
000208,66508,나경민,hit
000209,64724,박준혁,hit
000210,64944,박대온,hit
000211,63593,조홍석,hit
000212,62920,노성호,pit
000213,63088,김진곤,hit
000214,64086,신성현,hit
000215,64657,박준태,hit
000216,75620,윤석민,pit
000217,66615,류승현,hit
000218,66917,김찬형,hit
000219,61700,강경학,hit
000220,65618,황인준,pit
000221,65392,김정인,pit
000222,76610,한기주,pit
000223,62360,김태훈,pit
000224,68130,김영준,pit
000225,67863,이원준,pit
000226,62164,서상우,hit
000227,64410,백승민,hit
000228,60140,신정락,pit
000229,64805,이승진,pit
000230,68659,김유신,pit
000231,61652,윤정우,hit
000232,99563,김사율,pit
000233,72535,이명우,pit
000234,68912,김형준,hit
000235,63938,해커,pit
000236,62951,이형범,pit
000237,61104,정병곤,hit
000238,68908,김재균,pit
000239,68245,반슬라이크,hit
000240,78517,하준호,pit
000241,95657,임창용,pit
000242,67737,김진영,pit
000243,67762,김성훈,pit
000244,60184,김창혁,hit
000245,68794,헤일,pit
000246,68043,김민,pit
000247,72860,이대수,hit
000248,65769,김범수,pit
000249,79825,여건욱,pit
000250,66207,황경태,hit
000251,61566,허일,hit
000252,63145,배재준,pit
000253,64117,양원혁,hit
000254,60456,백상원,hit
000255,77466,최원제,hit
000256,68345,샌즈,hit
000257,63360,장시윤,hit
000258,68067,신병률,pit
000259,79764,장민재,pit
000260,66064,김태오,pit
000261,79535,허준혁,pit
000262,66609,전상현,pit
000263,63440,이흥련,hit
000264,67603,이승호,pit
000265,64984,김태진,hit
000266,65586,전병우,hit
000267,74838,윤희상,pit
000268,61214,이현호,pit
000269,63991,박진우,pit
000270,61643,홍건희,pit
000271,73153,이대형,hit
000272,69150,조셉,hit
000273,69950,베탄코트,hit
000274,69530,아수아헤,hit
000275,62558,김준태,hit
000276,69209,페르난데스,hit
000277,69605,해즐베이커,hit
000278,69435,헤일리,pit
000279,64260,김경호,hit
000280,68205,전민재,hit
000281,69766,유로결,hit
000282,69656,윌랜드,pit
000283,67008,이대은,pit
000284,68069,고명성,hit
000285,69550,톰슨,pit
000286,68900,김영규,pit
000287,69442,김도환,hit
000288,69861,다익손,pit
000289,69748,채드벨,pit
000290,77318,장시환,pit
000291,63936,윤강민,pit
000292,66451,최충연,pit
000293,65462,김기환,hit
000294,69744,서폴드,pit
000295,69159,정우영,hit
000296,69413,맥과이어,pit
000297,64493,최선호,hit
000298,68703,박주홍,pit
000299,69934,버틀러,pit
000300,63558,정준혁,hit
000301,69940,루친스키,pit
000302,69640,터너,pit
000303,69343,요키시,pit
000304,69041,손동현,pit
000305,69620,김기훈,pit
000306,69727,변우혁,hit
000307,65620,박정우,hit
000308,79234,김진형,hit
000309,65515,강로한,hit
000310,78247,홍상삼,pit
000311,60768,이태양,pit
000312,64469,송준석,hit
000313,64164,류형우,hit
000314,69646,양승철,pit
000315,63448,김영환,hit
000316,64501,배성근,hit
000317,64906,강민국,hit
000318,60288,김응민,hit
000319,69636,오선우,hit
000320,68407,공민규,hit
000321,64706,이창열,hit
000322,67604,강이준,pit
000323,61145,이우찬,pit
000324,60648,이인행,hit
000325,76757,유원상,pit
000326,69652,터커,hit
000327,68501,최하늘,pit
000328,63903,유영준,hit
000329,63111,류제국,pit
000330,68529,이승헌,pit
000331,69360,조영건,pit
000332,64615,차명진,pit
000333,69539,서준원,pit
000334,64768,조이현,pit
000335,63895,최민재,hit
000336,79364,김종민,hit
000337,66444,이케빈,pit
000338,69825,김창평,hit
000339,67123,전준호,hit
000340,64803,임재현,hit
000341,65304,김은성,hit
000342,69100,구본혁,hit
000343,60805,최윤석,hit
000344,75340,전유수,pit
000345,62499,이현동,hit
000346,69569,윌슨,hit
000347,65905,최승민,hit
000348,68901,이인혁,hit
000349,64011,안승한,hit
000350,65048,김민수,pit
000351,64554,문동욱,pit
000352,63703,박한결,hit
000353,69762,박윤철,pit
000354,61268,양현,pit
000355,69802,최경모,hit
000356,69901,스몰린스키,hit
000357,69953,프리드릭,pit
000358,69165,페게로,hit
000359,66018,김선기,pit
000360,69860,김성민,hit
000361,65869,이현석,hit
000362,62611,임준섭,pit
000363,68403,김윤수,pit
000364,69745,김도현,pit
000365,67048,이정현,pit
000366,69439,라이블리,pit
000367,63791,송창현,pit
000368,66859,김주한,pit
000369,69418,박승규,hit
000370,63636,고장혁,hit
000371,68518,정보근,hit
000372,63700,장운호,hit
000373,64499,김재현,hit
000374,75138,신재웅,pit
000375,79440,정인욱,pit
000376,65464,최정용,hit
000377,67646,박진태,pit
000378,65665,이준영,pit
000379,64014,김병희,hit
000380,74167,심수창,pit
000381,69158,강정현,pit
000382,50815,킹험,pit
000383,50506,마차도,hit
000384,50040,데스파이네,pit
000385,50923,알테어,hit
000386,50468,살라디노,hit
000387,50165,라모스,hit
000388,50300,모터,hit
000389,50835,핀토,pit
000390,50912,라이트,pit
000391,73801,송은범,pit
000392,50636,브룩스,pit
000393,50234,플렉센,pit
000394,50640,가뇽,pit
000395,50030,소형준,pit
000396,63435,김성표,hit
000397,63634,이홍구,hit
000398,64100,박재욱,hit
000399,69839,백승건,pit
000400,64704,노태형,hit
000401,50126,이민호,pit
000402,68305,변상권,hit
000403,64861,이건욱,pit
000404,50449,허윤동,pit
000405,50524,샘슨,pit
000406,60264,정대현,pit
000407,65653,김호령,hit
000408,50054,천성호,hit
000409,68204,권민석,hit
000410,69403,양우현,hit
000411,65506,김재유,hit
000412,50709,박정현,hit
000413,50707,최인호,hit
000414,66707,박상언,hit
000415,69705,조한민,hit
000416,50296,조제영,pit
000417,66113,김호은,hit
000418,50464,이승민,pit
000419,63292,박소준,pit
000420,67954,김진호,pit
000421,66203,서예일,hit
000422,67045,조병욱,pit
000423,50157,김윤식,pit
000424,78536,김대우,pit
000425,64890,유서준,hit
000426,67391,김재웅,pit
000427,65503,김지수,hit
000428,50819,이거연,hit
000429,50704,임종찬,hit
000430,50730,반즈,hit
000431,64209,정기훈,hit
000432,50350,러셀,hit
000433,64213,최용제,hit
000434,50600,홍종표,hit
000435,65362,송우현,hit
000436,68200,김민규,pit
000437,50469,팔카,hit
000438,50802,화이트,hit
000439,50848,김성민,hit
000440,69399,윤정현,pit
000441,63248,함덕주,pit
000442,63960,이상민,pit
000443,69804,채현우,hit
000444,63950,장현식,pit
000445,50868,류효승,hit
000446,69516,김현수,pit
000447,65639,박정수,pit
000448,77927,장필준,pit
000449,69104,남호,pit
000450,63103,류원석,pit
000451,50706,장웅정,pit
000452,64718,최영환,pit
000453,69703,오동욱,pit
000454,69706,허관회,hit
000455,51004,알몬테,hit
000456,51722,카펜터,pit
000457,51725,힐리,hit
000458,51967,파슨스,pit
000459,51324,프레이타스,hit
000460,51516,김진욱,pit
000461,51257,미란다,pit
000462,65514,강태율,hit
000463,51203,안재석,hit
000464,51619,멩덴,pit
000465,51868,고명준,hit
000466,51551,나승엽,hit
000467,51334,스미스,pit
000468,51136,수아레즈,pit
000469,51234,로켓,pit
000470,50167,이주형,hit
000471,51567,프랑코,pit
000472,51834,르위키,pit
000473,66162,김주성,hit
000474,64101,한석현,hit
000475,51863,폰트,pit
000476,69168,이상영,pit
000477,61295,강동연,pit
000478,66660,남재현,pit
000479,51003,권동진,hit
000480,68507,장두성,hit
000481,67609,박정우,hit
000482,63894,김정빈,pit
000483,51761,배동현,pit
000484,50202,안권수,hit
000485,51560,이주찬,hit
000486,68797,이승관,pit
000487,66749,김주현,hit
000488,51100,이영빈,hit
000489,65040,김태훈,hit
000490,63464,윤대경,pit
000491,64498,구준범,pit
000492,51715,김기중,pit
000493,50813,양선률,pit
000494,50365,문찬종,hit
000495,68619,윤중현,pit
000496,50657,박민,hit
000497,50650,최용준,pit
000498,64017,심재민,pit
000499,51302,이주형,hit
000500,51005,김건형,hit
000501,79358,강윤구,pit
000502,51706,장지승,hit
000503,51833,가빌리오,pit
000504,69366,이명기,hit
000505,51439,몽고메리,pit
000506,50304,김병휘,hit
000507,68856,최민준,pit
000508,51640,권혁경,hit
000509,51144,보어,hit
000510,50360,김동혁,pit
000511,50992,김태경,pit
000512,51309,크레익,hit
000513,50905,강태경,pit
000514,51460,이재희,pit
000515,51714,페레즈,hit
000516,68909,최보성,hit
000517,68700,이원석,hit
000518,69810,김규남,hit
000519,69974,배민서,pit
000520,51867,김건우,pit
000521,67807,이정범,hit
000522,50720,남지민,pit
000523,51897,조병현,pit
000524,51636,다카하시,pit
000525,51762,장규현,hit
000526,51264,최승용,pit
000527,51767,송호정,hit
000528,69113,임준형,pit
000529,51764,정민규,hit
000530,67610,김석환,hit
000531,50204,박지훈,hit
000532,67246,김명신,pit
000533,52712,터크먼,hit
000534,52904,마티니,hit
000535,52112,루이즈,hit
000536,52025,라모스,hit
000537,52308,애플러,pit
000538,52366,푸이그,hit
000539,52827,크론,hit
000540,52526,피터스,hit
000541,50208,오명진,hit
000542,67363,이병규,hit
000543,52516,조세진,hit
000544,52667,윤도현,hit
000545,50902,김한별,hit
000546,68706,이성원,hit
000547,68110,송찬의,hit
000548,52234,스탁,pit
000549,52645,로니,pit
000550,52833,노바,pit
000551,52063,이상우,hit
000552,52001,안현민,hit
000553,68466,이태훈,hit
000554,66833,임석진,hit
000555,51307,이재홍,hit
000556,52704,이상혁,hit
000557,51305,양경식,hit
000558,69813,하재훈,hit
000559,50556,최준용,hit
000560,52637,놀린,pit
000561,51996,오태양,hit
000562,52424,김재혁,hit
000563,68249,박신지,pit
000564,52557,스파크맨,pit
000565,52764,허인서,hit
000566,68928,김시훈,pit
000567,67760,원혁재,hit
000568,68805,최상민,hit
000569,51013,유준규,hit
000570,67202,박유연,hit
000571,51269,강현구,hit
000572,52769,권광민,hit
000573,52568,한태양,hit
000574,69416,이해승,hit
000575,52804,석정우,hit
000576,50820,전의산,hit
000577,51948,이용준,pit
000578,52809,전영준,pit
000579,69500,김민수,hit
000580,52707,라미레즈,pit
000581,51303,김시앙,hit
000582,52125,가르시아,hit
000583,52806,라가레스,hit
000584,69207,김태근,hit
000585,68002,양승혁,hit
000586,52808,모리만도,pit
000587,52530,이민석,pit
000588,69203,송승환,hit
000589,52950,더모디,pit
000590,52330,주승우,pit
000591,52430,김영웅,hit
000592,52705,유상빈,hit
000593,69428,이병헌,hit
000594,52731,박준영,pit
000595,51865,조형우,hit
000596,66112,김기연,hit
000597,51143,강효종,pit
000598,53712,오그레디,hit
000599,69064,강민성,hit
000600,53058,정준영,hit
000601,53645,메디나,pit
000602,53734,스미스,pit
000603,53057,손민석,hit
000604,53296,윤준호,hit
000605,53833,맥카티,pit
000606,64596,김유영,hit
000607,53898,송영진,pit
000608,53865,김정민,hit
000609,53040,슐서,pit
000610,53400,김재상,hit
000611,53036,류현인,hit
000612,53139,박명근,pit
000613,53312,김건희,hit
000614,68463,윤정빈,hit
000615,52710,한경빈,hit
000616,68589,김동우,hit
000617,50995,정구범,hit
000618,51991,오장한,hit
000619,53303,송재선,hit
000620,53844,김건웅,hit
000621,75421,오승환,pit
000622,53233,딜런,pit
000623,50007,문상준,hit
000624,52402,김상민,hit
000625,53569,서동욱,hit
000626,53505,윤수녕,hit
000627,52295,이원재,pit
000628,69056,박민석,hit
000629,50906,박영빈,hit
000630,69068,이선우,pit
000631,53144,김범석,hit
000632,51344,김휘집,hit
000633,77243,허도환,hit
000634,68848,조성훈,pit
000635,68868,최준우,hit
000636,68556,정성종,pit
000637,67504,김민수,hit
000638,61666,한승혁,pit
000639,69108,이지강,pit
000640,74513,장원준,pit
000641,64565,이인복,pit
000642,66662,신범수,hit
000643,79215,박건우,hit
000644,74465,박석민,hit
000645,69508,신윤후,hit
000646,66838,김동엽,hit
000647,64407,김호재,hit
000648,66409,이성규,hit
000649,69238,김대한,hit
000650,53344,김동헌,hit
000651,53664,앤더슨,pit
000652,50293,양찬열,hit
000653,53996,이준호,pit
000654,75566,이원석,hit
000655,52405,조민성,hit
000656,53613,윤영철,pit
000657,68646,한준수,hit
000658,60841,박종훈,pit
000659,75847,최정,hit
000660,76812,이재원,hit
000661,50066,강현우,hit
000662,61101,임찬규,pit
000663,68106,이재원,hit
000664,77564,김민성,hit
000665,50150,손호영,hit
000666,69517,고승민,hit
000667,50726,한승주,pit
000668,51359,장재영,pit
000669,51230,김동주,pit
000670,79240,허경민,hit
000671,50441,황동재,pit
000672,75334,오재일,hit
000673,66406,안주형,hit
000674,53404,류승민,hit
000675,64560,이창진,hit
000676,68419,최채흥,pit
000677,76225,김건국,pit
000678,65610,황대인,hit
000679,66614,김규성,hit
000680,65056,엄상백,pit
000681,67006,안치영,hit
000682,64504,오윤석,hit
000683,64115,장준원,hit
000684,68220,곽빈,pit
000685,66233,홍성호,hit
000686,64468,박계범,hit
000687,51648,이의리,pit
000688,60566,이상호,hit
000689,52145,플럿코,pit
000690,64021,박세웅,pit
000691,52547,렉스,hit
000692,53825,엘리아스,pit
000693,53827,에레디아,hit
000694,66864,안상현,hit
000695,53714,산체스,pit
000696,66704,김태연,hit
000697,69702,김건,hit
000698,68902,신민혁,pit
000699,69992,최정원,hit
000700,62907,박민우,hit
000701,67900,김수윤,hit
000702,65320,최원태,pit
000703,50357,박주홍,hit
000704,69045,알칸타라,pit
000705,67207,이유찬,hit
000706,53665,산체스,pit
000707,61353,고종욱,hit
000708,65516,배제성,pit
000709,69134,이정용,pit
000710,50558,스트레일리,pit
000711,51528,손성빈,hit
000712,50859,오원석,pit
000713,62895,한유섬,hit
000714,52720,페냐,pit
000715,52457,수아레즈,pit
000716,69962,송명기,pit
000717,62934,김성욱,hit
000718,78148,정찬헌,pit
000719,67263,최원준,pit
000720,52043,벤자민,pit
000721,68341,안우진,pit
000722,52348,박찬혁,hit
000723,68346,김수환,hit
000724,52701,문동주,pit
000725,66657,이진영,hit
000726,66715,김인환,hit
000727,69737,노시환,hit
000728,79192,채은성,hit
000729,53764,문현빈,hit
000730,78288,최재훈,hit
000731,53716,윌리엄스,hit
000732,68743,정은원,hit
000733,65703,이도윤,hit
000734,69103,켈리,pit
000735,66108,홍창기,hit
000736,68119,문성주,hit
000737,76290,김현수,hit
000738,53123,오스틴,hit
000739,79109,오지환,hit
000740,79365,박동원,hit
000741,69102,문보경,hit
000742,62415,박해민,hit
000743,65207,신민재,hit
000744,69032,쿠에바스,pit
000745,68050,강백호,hit
000746,68504,이호연,hit
000747,64868,조용호,hit
000748,53375,후라도,pit
000749,64340,임지열,hit
000750,78135,이형종,hit
000751,79456,이지영,hit
000752,50312,신준우,hit
000753,67539,나균안,pit
000754,68525,한동희,hit
000755,50500,황성빈,hit
000756,53913,페디,pit
000757,62244,박세혁,hit
000758,52257,브랜든,pit
000759,79231,정수빈,hit
000760,74206,김재호,hit
000761,53211,로하스,hit
000762,76232,양의지,hit
000763,64153,양석환,hit
000764,78224,김재환,hit
000765,63123,강승호,hit
000766,63202,장승현,hit
000767,66928,박준영,hit
000768,77829,김광현,pit
000769,51817,추신수,hit
000770,50854,최지훈,hit
000771,62925,강진성,hit
000772,76267,최주환,hit
000773,67893,박성한,hit
000774,71837,김강민,hit
000775,76802,김성현,hit
000776,62864,김민식,hit
000777,60558,오태곤,hit
000778,69446,원태인,pit
000779,50458,김지찬,hit
000780,74540,강민호,hit
000781,52606,파노니,pit
000782,64001,고영표,pit
000783,64004,김민혁,hit
000784,79402,김상수,hit
000785,52009,알포드,hit
000786,75125,박병호,hit
000787,78548,장성우,hit
000788,76313,황재균,hit
000789,64007,문상철,hit
000790,73113,박경수,hit
000791,64166,배정대,hit
000792,53322,맥키니,pit
000793,63920,김준완,hit
000794,67304,김혜성,hit
000795,67341,이정후,hit
000796,65898,김웅빈,hit
000797,65357,송성문,hit
000798,69332,주성원,hit
000799,64346,임병욱,hit
000800,62332,김재현,hit
000801,69306,김주형,hit
000802,52528,반즈,pit
000803,53554,김민석,hit
000804,52591,윤동희,hit
000805,79608,안치홍,hit
000806,67644,이정훈,hit
000807,78513,전준우,hit
000808,62931,노진혁,hit
000809,61102,유강남,hit
000810,62802,박승욱,hit
000811,69453,이학주,hit
000812,53927,와이드너,pit
000813,77532,손아섭,hit
000814,69995,서호철,hit
000815,53955,마틴,hit
000816,63963,권희동,hit
000817,63905,윤형준,hit
000818,67905,천재환,hit
000819,51907,김주원,hit
000820,64022,안중열,hit
000821,66965,도태훈,hit
000822,50404,뷰캐넌,pit
000823,51417,김현준,hit
000824,67449,김성윤,hit
000825,62404,구자욱,hit
000826,51463,피렐라,hit
000827,64610,강한울,hit
000828,62234,류지혁,hit
000829,52415,이재현,hit
000830,65132,김재성,hit
000831,51403,김동진,hit
000832,77637,양현종,pit
000833,66606,최원준,hit
000834,52605,김도영,hit
000835,62947,나성범,hit
000836,72443,최형우,hit
000837,52630,소크라테스,hit
000838,78603,김선빈,hit
000839,63260,이우성,hit
000840,78122,김태군,hit
000841,64646,박찬호,hit
