idx,code,year,era,kpit,kbb,wpa,re24,whip
000001,50030,2020,3.68,0.043,2.152,0.045,0.78,1.387
000002,50030,2021,3.96,0.041,1.589,0.018,0.89,1.496
000003,50030,2022,3.01,0.048,3.098,0.05,1.33,1.177
000004,50040,2020,4.42,0.043,2.214,0.05,0.27,1.512
000005,50040,2021,3.29,0.049,2.112,0.055,1.61,1.358
000006,50040,2022,4.67,0.043,2.51,-0.019,0.33,1.595
000007,50126,2020,3.83,0.04,1.543,0.009,0.78,1.564
000008,50126,2021,4.3,0.05,2.222,0.012,0.56,1.296
000009,50126,2022,5.51,0.035,1.698,-0.018,-0.175,1.642
000010,50157,2020,6.16,0.032,1.583,-0.006,-0.34,1.704
000011,50157,2021,4.59,0.048,1.514,0.02,0.57,1.665
000012,50157,2022,3.22,0.045,3.111,0.088,1.045,1.317
000013,50157,2023,5.29,0.037,1.5,-0.015,0.78,1.682
000014,50234,2020,2.79,0.068,4.432,0.08,1.055,1.097
000015,50360,2021,5.05,0.023,0.882,0.001,0.45,1.72
000016,50404,2020,3.45,0.043,2.42,0.12,2.33,1.311
000017,50404,2021,3.08,0.054,2.75,0.06,0.89,1.315
000018,50404,2022,3.04,0.045,3.0,0.028,1.33,1.394
000019,50404,2023,3.0,0.054,4.136,0.094,0.89,1.211
000020,50441,2022,7.06,0.04,1.71,-0.114,-0.215,1.839
000021,50449,2020,4.8,0.021,0.581,-0.075,-0.23,1.689
000022,50449,2022,6.55,0.037,1.059,-0.047,-0.155,1.891
000023,50464,2021,8.58,0.03,1.222,-0.117,-0.86,1.991
000024,50524,2020,5.4,0.04,2.417,-0.006,-0.01,1.608
000025,50558,2020,2.5,0.065,4.02,0.117,1.89,1.058
000026,50558,2021,4.07,0.055,2.448,0.044,0.94,1.425
000027,50558,2022,2.31,0.053,2.5,0.064,1.33,1.316
000028,50558,2023,4.17,0.048,1.867,-0.002,0.67,1.58
000029,50636,2020,2.5,0.059,5.417,0.177,1.86,1.044
000030,50636,2021,3.35,0.045,3.438,0.112,1.78,1.41
000031,50640,2020,4.34,0.05,2.203,-0.005,0.48,1.472
000032,50720,2022,6.37,0.026,0.911,-0.092,0.08,1.764
000033,50726,2023,3.35,0.049,2.059,0.014,0.56,1.587
000034,50815,2021,3.19,0.056,3.195,0.102,1.33,1.139
000035,50835,2020,6.17,0.038,1.244,-0.112,-0.45,1.864
000036,50859,2021,5.89,0.045,1.301,-0.064,0.12,1.9
000037,50859,2022,4.39,0.045,1.983,-0.032,0.33,1.517
000038,50859,2023,4.84,0.038,1.586,0.084,0.78,1.47
000039,50912,2020,4.87,0.045,1.939,-0.047,0.16,1.531
000040,50992,2022,3.25,0.039,1.476,0.002,0.56,1.398
000041,51136,2021,2.29,0.064,3.023,0.117,1.67,1.208
000042,51230,2023,3.31,0.05,3.214,0.027,0.57,1.413
000043,51234,2021,2.98,0.055,2.667,0.142,2.33,1.508
000044,51257,2021,2.32,0.077,3.554,0.135,2.33,1.153
000045,51264,2022,5.3,0.036,1.488,0.002,0.12,1.596
000046,51264,2023,5.85,0.043,2.25,-0.108,-0.735,1.633
000047,51439,2021,5.47,0.055,1.447,-0.102,-0.185,1.728
000048,51516,2021,6.31,0.045,0.918,0.003,0.09,2.124
000049,51516,2022,6.56,0.058,1.486,-0.087,-1.125,1.864
000050,51567,2021,5.4,0.045,1.653,0.02,-0.23,1.613
000051,51619,2021,3.6,0.053,2.971,0.04,0.94,1.267
000052,51636,2021,4.91,0.07,3.833,-0.17,-0.67,1.691
000053,51648,2021,3.61,0.057,1.661,-0.029,0.67,1.342
000054,51648,2022,4.02,0.061,2.104,-0.021,0.33,1.384
000055,51648,2023,3.82,0.064,1.516,0.0,0.565,1.575
000056,51715,2021,4.7,0.035,1.0,-0.085,-0.6,1.957
000057,51722,2021,3.97,0.06,2.486,0.075,1.08,1.418
000058,51761,2021,4.5,0.036,1.04,-0.001,0.47,1.658
000059,51833,2021,5.86,0.054,2.333,0.005,-1.14,1.537
000060,51863,2021,3.46,0.062,3.489,0.002,0.78,1.14
000061,51863,2022,2.67,0.059,4.703,0.178,2.33,0.982
000062,51948,2023,4.05,0.04,1.281,-0.005,0.78,1.556
000063,51967,2021,3.72,0.062,2.349,0.072,1.33,1.376
000064,51967,2022,3.56,0.056,2.048,0.028,0.83,1.302
000065,52043,2022,2.71,0.057,3.321,0.074,1.33,1.122
000066,52043,2023,4.16,0.061,3.129,-0.066,-0.23,1.376
000067,52145,2022,2.58,0.057,3.947,0.14,1.33,1.069
000068,52145,2023,2.14,0.051,3.762,0.169,2.33,1.116
000069,52234,2022,3.55,0.048,1.663,-0.047,0.33,1.539
000070,52257,2022,3.6,0.036,1.667,0.018,0.78,1.246
000071,52257,2023,0.92,0.063,4.0,0.228,2.61,0.974
000072,52308,2022,4.05,0.036,2.25,-0.02,0.33,1.533
000073,52457,2022,2.49,0.054,3.18,0.108,1.78,1.18
000074,52457,2023,4.02,0.046,2.815,0.033,1.11,1.521
000075,52528,2022,3.62,0.054,3.404,0.051,0.89,1.293
000076,52528,2023,4.33,0.053,2.333,-0.088,-0.8,1.487
000077,52530,2022,5.88,0.057,1.947,0.001,-0.26,1.96
000078,52557,2022,5.31,0.057,2.07,-0.027,0.27,1.713
000079,52606,2022,2.51,0.051,2.92,0.072,1.33,1.244
000080,52637,2022,2.56,0.054,4.269,0.07,1.275,1.208
000081,52645,2022,5.89,0.039,1.143,-0.138,-1.62,1.759
000082,52701,2023,3.49,0.054,2.483,0.064,1.555,1.287
000083,52707,2022,4.13,0.04,1.27,0.04,0.78,1.469
000084,52720,2022,3.72,0.059,2.4,0.081,1.33,1.433
000085,52720,2023,2.93,0.051,2.548,0.021,1.33,1.219
000086,52808,2022,2.27,0.054,2.76,0.276,2.89,1.223
000087,52833,2022,6.5,0.031,1.28,-0.092,-0.685,1.696
000088,52950,2022,4.54,0.05,2.846,-0.068,0.11,1.563
000089,53040,2023,5.62,0.043,2.5,-0.117,-1.12,1.631
000090,53322,2023,3.18,0.034,1.235,-0.036,0.22,1.471
000091,53375,2023,2.9,0.052,3.4,0.078,1.045,1.244
000092,53613,2023,4.18,0.034,1.583,0.121,1.53,1.38
000093,53645,2023,6.05,0.036,1.241,-0.177,-1.18,1.759
000094,53664,2023,3.76,0.049,2.462,0.038,0.77,1.316
000095,53714,2023,2.06,0.048,3.95,0.169,2.33,1.156
000096,53825,2023,4.15,0.049,2.4,-0.028,0.33,1.517
000097,53833,2023,2.52,0.053,2.64,0.151,1.89,1.107
000098,53913,2023,1.71,0.073,4.739,0.125,1.33,1.037
000099,53927,2023,5.24,0.055,1.949,-0.045,-0.795,1.405
000100,60140,2018,5.86,0.066,3.294,0.011,0.21,1.618
000101,60140,2019,5.84,0.043,1.667,0.002,0.3,1.679
000102,60263,2018,4.79,0.042,2.367,-0.008,0.46,1.431
000103,60263,2019,3.75,0.043,2.116,0.018,0.395,1.427
000104,60263,2020,6.55,0.039,1.419,-0.132,-0.69,1.688
000105,60263,2021,5.2,0.043,1.25,-0.059,0.33,1.59
000106,60263,2022,4.75,0.045,1.333,-0.0,-0.055,1.505
000107,60263,2023,2.7,0.042,1.353,0.165,2.045,0.96
000108,60339,2018,5.54,0.038,1.583,0.001,0.56,1.731
000109,60559,2019,4.23,0.059,2.222,0.019,0.56,1.33
000110,60768,2019,5.8,0.059,4.923,0.015,0.56,1.35
000111,60768,2021,5.73,0.038,1.938,0.002,0.35,1.514
000112,60768,2022,3.58,0.035,2.542,0.034,0.67,1.301
000113,60768,2023,2.5,0.047,3.375,0.007,0.4,1.167
000114,60841,2018,4.16,0.049,2.281,0.057,0.33,1.491
000115,60841,2019,3.85,0.039,1.695,0.006,0.56,1.586
000116,60841,2020,4.81,0.047,1.718,-0.017,0.33,1.57
000117,60841,2021,2.82,0.047,2.412,0.117,1.33,1.178
000118,60841,2022,5.72,0.044,1.68,0.007,0.015,1.689
000119,60841,2023,6.31,0.035,0.955,-0.166,-1.13,1.94
000120,61101,2018,5.77,0.047,2.66,-0.035,-0.23,1.745
000121,61101,2019,5.12,0.046,1.553,0.0,0.31,1.55
000122,61101,2020,4.12,0.053,2.123,-0.048,-0.105,1.453
000123,61101,2021,4.06,0.046,1.683,0.022,0.565,1.344
000124,61101,2022,4.99,0.045,1.9,-0.078,-0.24,1.529
000125,61101,2023,3.19,0.043,1.897,0.12,0.78,1.253
000126,61145,2019,4.85,0.037,0.866,0.017,0.39,1.648
000127,61145,2021,5.56,0.042,1.08,-0.03,-0.45,1.824
000128,61214,2019,5.13,0.032,1.158,-0.002,0.38,1.76
000129,61240,2018,4.25,0.056,4.231,0.067,1.33,1.474
000130,61268,2019,1.83,0.044,2.167,0.008,0.56,1.083
000131,61268,2020,3.21,0.04,2.118,0.028,0.56,1.265
000132,61365,2018,7.93,0.023,0.833,-0.142,-0.78,2.037
000133,61365,2020,5.1,0.027,1.423,0.0,0.18,1.635
000134,61365,2021,6.35,0.032,1.8,0.001,0.17,1.686
000135,61365,2023,3.23,0.054,2.455,0.012,0.365,1.239
000136,61643,2019,7.16,0.036,1.576,-0.035,-1.64,1.812
000137,61666,2018,5.83,0.042,1.477,-0.047,-0.67,1.75
000138,61666,2022,5.27,0.049,1.725,-0.055,-0.3,1.817
000139,62360,2018,6.04,0.044,2.0,0.0,0.56,1.741
000140,62360,2019,4.71,0.046,2.167,0.004,0.48,1.486
000141,62360,2020,4.2,0.038,1.739,0.025,0.56,1.585
000142,62363,2018,4.97,0.038,2.073,-0.069,-0.275,1.68
000143,62363,2020,4.95,0.049,2.821,0.028,0.57,1.438
000144,62363,2021,4.3,0.044,2.065,-0.006,0.33,1.489
000145,62363,2022,4.87,0.044,2.44,0.003,0.56,1.475
000146,62363,2023,5.31,0.038,1.5,-0.096,0.2,1.803
000147,62528,2018,6.94,0.05,1.779,-0.07,-0.45,1.803
000148,62528,2019,5.63,0.049,1.979,0.002,0.56,1.769
000149,62611,2019,4.2,0.029,0.929,0.001,0.275,1.723
000150,62698,2018,3.52,0.066,6.464,0.091,1.16,1.241
000151,62698,2019,4.07,0.065,4.125,0.051,0.42,1.192
000152,62754,2018,6.26,0.036,2.0,-0.002,-1.23,1.838
000153,62754,2019,5.73,0.044,1.947,0.001,0.445,1.808
000154,62754,2020,5.15,0.048,3.212,-0.06,-0.23,1.52
000155,62754,2021,4.88,0.051,2.867,-0.029,0.33,1.379
000156,62754,2022,4.24,0.039,2.278,-0.003,0.455,1.384
000157,62869,2018,4.7,0.048,3.385,-0.041,0.22,1.451
000158,62869,2019,3.97,0.046,3.091,0.051,0.56,1.174
000159,62869,2020,3.65,0.05,2.6,0.041,0.89,1.284
000160,62869,2021,2.86,0.037,1.778,0.005,0.89,1.232
000161,62869,2023,4.5,0.045,2.385,0.008,0.535,1.571
000162,62920,2018,7.16,0.054,1.241,-0.01,-0.4,2.02
000163,62937,2018,6.71,0.032,2.333,-0.045,-0.48,1.643
000164,62951,2018,5.17,0.025,0.917,0.0,0.24,1.648
000165,62966,2018,8.44,0.025,0.818,-0.007,-0.04,2.009
000166,63111,2019,4.22,0.034,1.192,-0.054,-0.23,1.65
000167,63145,2018,4.42,0.056,2.05,-0.004,-0.285,1.422
000168,63145,2019,5.14,0.041,1.364,0.0,0.12,1.619
000169,63145,2021,4.13,0.038,1.769,-0.001,0.02,1.776
000170,63145,2022,2.3,0.042,1.533,0.005,0.57,1.309
000171,63248,2020,3.83,0.056,2.619,0.016,0.56,1.42
000172,63292,2021,5.64,0.03,1.138,-0.009,-0.15,1.681
000173,63464,2021,3.94,0.042,1.588,0.009,0.56,1.481
000174,63464,2022,7.41,0.04,3.0,-0.07,-0.45,1.726
000175,63938,2018,4.98,0.044,1.971,-0.116,-0.05,1.539
000176,63950,2020,10.76,0.032,1.182,0.0,-0.42,2.171
000177,63991,2019,3.11,0.042,3.172,0.07,0.74,1.313
000178,63991,2020,5.23,0.03,1.692,0.001,0.24,1.558
000179,64001,2018,5.13,0.059,5.36,-0.162,-0.67,1.514
000180,64001,2021,2.94,0.053,4.889,0.056,0.77,1.138
000181,64001,2022,3.41,0.058,6.783,0.075,1.33,1.283
000182,64001,2023,2.84,0.051,7.5,0.233,1.89,1.143
000183,64017,2021,2.89,0.047,3.182,0.006,0.56,1.136
000184,64017,2022,3.68,0.03,1.235,0.007,0.51,1.477
000185,64021,2018,9.92,0.039,1.379,-0.196,-1.695,2.367
000186,64021,2019,4.2,0.044,1.913,-0.099,-0.125,1.483
000187,64021,2020,4.7,0.043,2.298,-0.043,-0.23,1.575
000188,64021,2021,3.98,0.048,2.358,-0.001,0.555,1.252
000189,64021,2022,3.78,0.056,4.562,0.066,0.78,1.405
000190,64021,2023,2.74,0.048,2.226,0.157,1.78,1.269
000191,64029,2018,4.91,0.036,2.0,0.001,0.56,1.568
000192,64565,2020,3.97,0.031,1.75,0.001,0.56,1.566
000193,64565,2021,4.11,0.047,3.214,0.001,0.38,1.549
000194,64565,2022,4.19,0.035,2.367,-0.013,0.5,1.476
000195,64615,2019,4.36,0.033,1.056,0.032,0.56,1.667
000196,64718,2021,6.2,0.037,1.167,-0.0,0.135,1.746
000197,64768,2020,5.96,0.029,1.52,-0.004,0.05,1.597
000198,64768,2021,5.67,0.043,1.846,0.0,0.42,1.5
000199,64805,2018,4.57,0.049,1.85,0.0,0.115,1.597
000200,64805,2020,5.22,0.054,2.333,0.02,0.56,1.558
000201,64861,2020,5.68,0.041,1.123,-0.076,-0.64,1.574
000202,65048,2019,4.96,0.043,1.867,0.036,0.56,1.482
000203,65048,2020,6.1,0.037,2.1,-0.06,-0.79,1.79
000204,65048,2021,2.95,0.06,2.292,0.003,0.56,1.483
000205,65056,2021,4.1,0.049,1.607,0.014,0.78,1.367
000206,65056,2022,3.03,0.059,3.021,0.034,0.56,1.254
000207,65056,2023,3.88,0.05,3.0,0.117,1.78,1.222
000208,65060,2018,8.39,0.035,2.0,-0.002,0.2,1.739
000209,65320,2018,3.95,0.047,2.886,0.093,1.33,1.414
000210,65320,2019,3.89,0.042,2.892,0.009,0.4,1.351
000211,65320,2020,5.07,0.039,1.811,0.006,0.47,1.464
000212,65320,2021,4.72,0.038,1.774,0.01,0.33,1.6
000213,65320,2022,3.76,0.036,1.522,0.028,0.56,1.383
000214,65320,2023,2.91,0.051,2.865,0.16,2.33,1.198
000215,65331,2018,4.3,0.052,3.711,-0.086,-0.12,1.408
000216,65392,2021,7.11,0.035,1.167,-0.007,0.02,1.705
000217,65516,2019,3.76,0.041,1.625,0.005,0.67,1.451
000218,65516,2020,3.88,0.036,1.13,0.058,1.33,1.479
000219,65516,2021,3.74,0.057,1.711,-0.024,0.33,1.459
000220,65516,2022,4.13,0.049,1.957,0.0,0.33,1.394
000221,65516,2023,4.14,0.038,1.282,0.027,1.33,1.606
000222,65543,2018,3.0,0.061,4.119,0.099,1.33,1.109
000223,65543,2019,2.48,0.063,6.258,0.153,1.78,1.032
000224,65546,2018,4.74,0.058,3.296,-0.072,0.05,1.419
000225,65546,2019,3.88,0.048,2.154,-0.022,0.33,1.464
000226,65616,2018,7.17,0.037,1.217,0.0,-0.045,2.124
000227,65616,2019,5.43,0.053,2.154,-0.0,0.18,1.712
000228,65616,2020,6.79,0.037,1.426,-0.148,-0.775,1.717
000229,65616,2021,8.05,0.027,0.903,-0.066,-1.06,2.0
000230,65616,2022,6.25,0.029,1.353,0.005,0.56,1.791
000231,65618,2018,4.96,0.042,2.917,0.0,0.28,1.443
000232,65639,2020,4.64,0.049,1.208,0.003,0.25,1.667
000233,65639,2021,7.42,0.043,1.857,0.0,-0.925,1.813
000234,65665,2019,6.35,0.046,1.654,0.0,0.14,1.843
000235,65665,2021,5.55,0.04,1.368,0.007,0.385,1.402
000236,65742,2018,3.8,0.051,4.062,0.07,0.35,1.325
000237,65764,2018,6.42,0.041,1.762,-0.058,-0.435,1.822
000238,65764,2019,6.75,0.039,1.533,-0.037,-0.27,1.706
000239,65764,2020,4.34,0.05,1.722,-0.028,0.555,1.53
000240,65764,2021,4.0,0.047,1.645,-0.015,0.78,1.384
000241,65764,2022,4.36,0.047,1.536,-0.003,0.78,1.491
000242,65764,2023,6.97,0.045,1.536,-0.134,-0.79,1.839
000243,65769,2018,5.37,0.058,1.9,0.004,0.3,1.615
000244,65769,2019,5.68,0.043,1.393,0.0,0.09,1.816
000245,65769,2020,5.24,0.05,1.31,-0.001,0.225,1.873
000246,65769,2021,5.22,0.052,1.667,0.01,0.275,1.599
000247,65856,2018,3.96,0.063,3.34,-0.016,0.33,1.331
000248,65933,2018,5.35,0.049,2.231,0.0,0.18,1.632
000249,65933,2019,3.2,0.064,2.78,0.117,1.33,1.234
000250,65933,2020,1.69,0.072,5.182,0.205,2.89,0.865
000251,65933,2022,2.1,0.062,3.724,0.13,2.33,1.119
000252,65933,2023,3.26,0.071,3.857,0.022,0.78,1.085
000253,66018,2021,6.52,0.029,1.136,-0.015,0.54,1.697
000254,66018,2022,5.22,0.043,1.364,0.01,0.55,1.714
000255,66047,2018,10.68,0.04,1.263,-0.321,-3.79,2.308
000256,66291,2018,5.22,0.044,1.702,-0.018,-0.31,1.653
000257,66291,2019,3.79,0.035,1.484,0.132,1.695,1.358
000258,66291,2020,4.62,0.038,1.254,0.013,0.56,1.72
000259,66291,2021,5.95,0.04,0.985,0.021,0.56,1.765
000260,66291,2022,4.93,0.045,1.456,-0.073,0.33,1.753
000261,66451,2019,7.36,0.051,1.079,-0.002,-0.45,2.345
000262,66643,2018,4.6,0.048,3.806,-0.002,0.33,1.443
000263,66741,2018,5.66,0.03,1.514,-0.031,0.14,1.662
000264,66741,2022,5.4,0.03,1.333,0.002,0.45,1.8
000265,66859,2020,7.43,0.026,1.1,-0.014,-0.33,1.913
000266,66920,2018,5.88,0.049,2.28,0.007,0.335,1.492
000267,66920,2019,3.94,0.042,1.265,0.016,0.405,1.591
000268,66920,2020,6.08,0.025,0.771,-0.161,-0.995,1.731
000269,66960,2018,6.05,0.035,1.152,-0.021,-0.23,1.81
000270,66960,2021,6.82,0.036,0.815,-0.066,-1.105,2.077
000271,67008,2019,4.08,0.04,1.513,0.036,0.56,1.57
000272,67246,2021,4.69,0.04,3.133,0.001,0.19,1.437
000273,67263,2019,2.59,0.041,2.438,0.001,0.44,1.329
000274,67263,2020,3.97,0.043,2.676,0.006,0.56,1.431
000275,67263,2021,3.45,0.042,2.574,0.105,1.33,1.366
000276,67263,2022,3.6,0.041,3.054,-0.024,0.355,1.376
000277,67263,2023,5.08,0.043,2.65,0.026,0.835,1.528
000278,67313,2018,4.02,0.056,3.421,0.013,0.33,1.308
000279,67313,2019,2.98,0.052,2.75,0.075,1.33,1.291
000280,67313,2020,3.57,0.057,2.535,0.088,1.715,1.341
000281,67313,2021,2.95,0.052,1.885,0.096,0.83,1.295
000282,67391,2020,4.68,0.049,2.217,0.01,0.56,1.508
000283,67539,2021,6.41,0.031,1.125,-0.031,-0.45,1.856
000284,67539,2022,3.98,0.063,3.324,0.01,0.56,1.411
000285,67539,2023,3.23,0.049,2.517,0.014,1.11,1.37
000286,67588,2018,6.39,0.064,1.806,-0.003,-0.34,1.776
000287,67603,2018,5.16,0.047,1.552,0.0,0.23,1.605
000288,67603,2019,4.42,0.041,1.544,-0.02,0.33,1.489
000289,67603,2020,5.08,0.038,1.825,-0.022,0.32,1.492
000290,67603,2021,5.59,0.044,1.194,0.003,0.56,1.903
000291,67645,2018,6.35,0.046,3.778,0.009,0.11,1.611
000292,67828,2018,6.19,0.053,2.143,0.0,0.11,1.812
000293,68043,2018,5.06,0.037,1.0,-0.03,0.22,1.902
000294,68043,2019,4.96,0.039,1.4,-0.086,-0.12,1.619
000295,68043,2020,6.54,0.041,1.103,0.002,0.22,1.875
000296,68135,2018,3.07,0.057,4.257,0.095,1.33,1.176
000297,68135,2019,2.8,0.05,3.2,0.112,1.89,1.218
000298,68135,2020,4.56,0.046,2.595,-0.008,0.33,1.453
000299,68200,2020,4.13,0.052,2.44,0.004,0.56,1.332
000300,68200,2021,5.82,0.037,1.344,0.004,0.56,1.677
000301,68220,2021,4.14,0.051,1.282,-0.015,0.61,1.673
000302,68220,2022,3.78,0.054,2.3,0.024,0.86,1.456
000303,68220,2023,2.16,0.044,1.484,0.165,1.33,1.152
000304,68240,2018,3.55,0.054,2.638,0.081,1.33,1.3
000305,68240,2019,3.43,0.052,3.324,0.037,0.83,1.297
000306,68249,2022,6.71,0.032,0.95,0.0,-0.01,2.092
000307,68341,2018,5.53,0.064,2.0,-0.002,0.065,1.649
000308,68341,2019,5.23,0.055,2.2,-0.021,-0.61,1.542
000309,68341,2021,3.24,0.06,2.767,0.059,0.97,1.254
000310,68341,2022,2.1,0.074,4.129,0.186,1.97,0.984
000311,68341,2023,2.44,0.076,5.417,0.113,1.33,1.056
000312,68400,2018,5.3,0.052,2.397,-0.04,-0.01,1.601
000313,68403,2022,5.91,0.05,1.455,0.003,0.56,1.829
000314,68415,2018,5.05,0.032,1.441,-0.027,0.78,1.649
000315,68419,2019,4.81,0.047,2.472,-0.006,0.335,1.547
000316,68419,2020,3.58,0.049,2.412,0.097,1.88,1.295
000317,68419,2021,4.65,0.039,2.243,0.003,0.09,1.508
000318,68419,2023,7.68,0.027,1.538,-0.17,-2.04,1.982
000319,68435,2018,5.05,0.045,2.537,-0.026,0.33,1.561
000320,68501,2022,6.15,0.029,1.2,-0.006,-0.065,1.752
000321,68526,2018,4.92,0.044,1.758,-0.118,-0.23,1.697
000322,68529,2020,4.66,0.052,3.091,-0.075,-0.23,1.309
000323,68529,2021,5.77,0.029,0.721,-0.0,0.205,1.994
000324,68619,2021,3.92,0.023,1.065,0.003,0.56,1.645
000325,68659,2021,7.62,0.029,0.829,-0.097,-0.78,1.84
000326,68701,2020,5.64,0.035,1.16,0.0,0.035,1.791
000327,68703,2019,7.98,0.037,1.125,-0.002,-0.4,2.009
000328,68742,2018,5.13,0.05,2.765,-0.093,-0.23,1.702
000329,68748,2018,4.72,0.064,2.434,0.014,0.75,1.422
000330,68794,2018,4.23,0.051,3.444,-0.036,0.33,1.327
000331,68815,2018,4.78,0.051,3.275,0.015,0.42,1.408
000332,68815,2019,2.82,0.059,3.667,0.135,1.78,1.213
000333,68856,2021,5.86,0.037,1.24,0.005,0.56,1.744
000334,68856,2022,3.95,0.043,1.412,0.003,0.56,1.302
000335,68900,2019,5.29,0.041,1.484,-0.001,0.32,1.794
000336,68900,2020,5.25,0.046,4.0,-0.075,-0.23,1.436
000337,68900,2021,5.37,0.039,1.5,0.02,0.32,1.539
000338,68902,2020,5.79,0.036,2.0,-0.005,0.18,1.738
000339,68902,2021,4.41,0.043,2.432,0.005,0.535,1.407
000340,68902,2022,4.56,0.052,3.387,0.05,0.555,1.437
000341,68902,2023,3.98,0.046,3.091,-0.009,0.78,1.431
000342,68928,2022,3.24,0.055,1.837,0.026,0.56,1.464
000343,68948,2018,4.26,0.046,2.7,-0.058,0.31,1.504
000344,68953,2018,5.28,0.054,2.441,-0.121,-0.67,1.587
000345,69032,2019,3.62,0.047,2.143,0.082,1.89,1.239
000346,69032,2020,4.05,0.043,2.435,0.017,0.85,1.272
000347,69032,2021,3.96,0.063,2.843,0.056,0.565,1.369
000348,69032,2023,3.8,0.052,3.273,0.036,0.935,1.2
000349,69041,2019,4.75,0.033,0.935,0.002,0.56,1.796
000350,69045,2019,4.01,0.039,3.704,0.043,0.89,1.297
000351,69045,2020,2.85,0.055,5.706,0.128,1.33,1.122
000352,69045,2023,1.98,0.064,6.029,0.237,2.77,0.944
000353,69103,2019,2.52,0.045,3.116,0.143,1.89,1.197
000354,69103,2020,3.29,0.053,3.512,0.084,1.89,1.192
000355,69103,2021,3.05,0.049,2.297,0.049,1.63,1.33
000356,69103,2022,2.59,0.057,4.079,0.195,2.33,1.117
000357,69103,2023,4.41,0.043,2.627,-0.046,0.33,1.371
000358,69113,2022,6.0,0.05,1.857,-0.038,0.18,1.767
000359,69134,2023,5.59,0.031,1.917,0.007,0.465,1.757
000360,69168,2021,4.32,0.032,0.938,-0.001,-0.23,1.76
000361,69343,2019,3.28,0.051,3.356,0.037,0.89,1.269
000362,69343,2020,2.14,0.048,4.6,0.154,1.33,1.096
000363,69343,2021,2.93,0.046,2.848,0.13,1.82,1.23
000364,69343,2022,2.61,0.052,4.308,0.136,1.33,1.152
000365,69343,2023,4.39,0.046,3.643,0.05,0.555,1.523
000366,69360,2020,5.28,0.029,0.852,0.0,0.16,1.782
000367,69413,2019,5.05,0.048,1.515,-0.031,0.52,1.7
000368,69435,2019,5.75,0.053,2.471,-0.103,-0.45,1.54
000369,69439,2019,3.95,0.07,4.462,0.074,1.89,1.211
000370,69439,2020,4.26,0.048,2.436,-0.073,-0.23,1.33
000371,69439,2021,4.05,0.062,2.923,0.186,0.77,1.23
000372,69446,2019,4.82,0.036,1.744,0.002,0.755,1.455
000373,69446,2020,4.89,0.033,1.393,-0.018,0.22,1.607
000374,69446,2021,3.15,0.05,2.434,0.125,1.78,1.306
000375,69446,2022,3.92,0.049,3.421,0.009,0.03,1.331
000376,69446,2023,3.24,0.039,2.173,0.061,1.33,1.343
000377,69516,2020,7.24,0.031,0.613,-0.005,-0.71,2.289
000378,69516,2021,7.88,0.03,0.75,-0.022,-0.89,2.102
000379,69539,2019,5.47,0.034,1.579,0.0,-0.02,1.711
000380,69539,2020,5.18,0.032,1.935,0.003,0.3,1.551
000381,69539,2021,7.33,0.038,1.276,-0.004,0.245,1.963
000382,69539,2022,4.8,0.043,1.957,0.006,0.47,1.55
000383,69550,2019,4.74,0.057,2.609,0.041,0.78,1.309
000384,69620,2019,5.56,0.032,0.754,-0.017,-0.34,1.739
000385,69620,2020,5.37,0.039,1.258,-0.017,-0.015,1.75
000386,69640,2019,5.46,0.045,2.086,-0.049,-0.655,1.657
000387,69656,2019,4.75,0.05,2.322,-0.011,0.33,1.552
000388,69744,2019,3.51,0.043,2.5,0.118,1.31,1.321
000389,69744,2020,4.91,0.035,2.31,-0.054,-0.495,1.564
000390,69745,2019,4.26,0.021,0.714,0.017,0.82,1.711
000391,69745,2020,6.82,0.032,0.932,-0.079,-0.47,1.902
000392,69748,2019,3.5,0.047,2.127,0.031,1.33,1.365
000393,69748,2020,5.96,0.045,1.743,-0.122,-1.065,1.636
000394,69762,2019,5.1,0.035,0.7,-0.005,-0.42,1.833
000395,69762,2022,4.59,0.025,0.696,-0.003,-0.03,1.98
000396,69839,2023,3.86,0.043,1.529,0.015,0.56,1.429
000397,69861,2019,4.34,0.046,2.925,-0.042,-0.12,1.413
000398,69934,2019,4.76,0.039,1.75,-0.061,0.33,1.48
000399,69940,2019,3.05,0.044,2.644,0.14,1.89,1.241
000400,69940,2020,2.89,0.055,2.902,0.107,1.68,1.316
000401,69940,2021,3.17,0.06,3.218,0.151,1.78,1.259
000402,69940,2022,2.97,0.065,5.706,0.145,1.89,1.172
000403,69953,2019,3.0,0.049,2.417,0.109,1.33,1.32
000404,69962,2020,3.46,0.048,1.878,0.011,0.56,1.324
000405,69962,2021,5.91,0.045,1.759,-0.047,0.315,1.743
000406,69962,2022,4.51,0.052,1.963,-0.039,-0.51,1.718
000407,69962,2023,5.03,0.035,1.259,-0.003,-0.08,1.798
000408,69974,2021,4.95,0.032,1.353,0.002,0.56,1.8
000409,70425,2018,6.63,0.049,3.133,-0.083,-1.23,1.635
000410,72535,2018,5.32,0.034,2.778,0.002,0.13,1.568
000411,73211,2018,4.08,0.042,2.967,0.0,0.42,1.224
000412,73211,2020,4.87,0.036,1.925,-0.022,0.33,1.383
000413,73211,2021,7.35,0.033,1.458,-0.078,-1.13,1.899
000414,73211,2022,3.12,0.045,2.417,0.046,0.56,1.195
000415,73738,2018,5.86,0.044,3.0,0.01,0.31,1.576
000416,73750,2018,5.89,0.052,2.7,-0.126,-1.21,1.607
000417,73801,2020,4.4,0.031,1.5,0.007,0.56,1.57
000418,74454,2018,6.98,0.044,2.781,-0.208,-1.78,1.747
000419,74454,2019,4.77,0.028,1.3,-0.045,0.11,1.548
000420,74513,2018,10.05,0.034,1.278,-0.123,-1.13,2.093
000421,74838,2018,4.86,0.053,5.625,0.003,0.56,1.286
000422,75258,2018,5.41,0.029,1.162,-0.133,-0.5,1.842
000423,75258,2019,5.05,0.026,1.04,-0.036,0.555,1.719
000424,75340,2019,3.39,0.045,2.556,0.006,0.385,1.387
000425,75620,2018,6.64,0.042,2.636,0.018,-0.03,1.672
000426,76225,2019,4.46,0.039,1.593,0.004,0.54,1.59
000427,76355,2018,6.16,0.039,2.077,-0.046,-0.18,1.605
000428,76355,2020,7.68,0.026,1.5,-0.003,-0.75,1.853
000429,76455,2018,6.09,0.046,1.722,-0.087,-0.64,1.576
000430,76455,2019,3.99,0.044,2.097,0.05,0.835,1.438
000431,76455,2020,5.34,0.044,1.821,0.023,0.26,1.594
000432,76610,2018,6.69,0.041,2.5,0.003,0.11,1.821
000433,77211,2018,3.74,0.046,2.595,0.09,1.11,1.391
000434,77211,2019,3.92,0.043,2.167,0.086,1.33,1.49
000435,77318,2019,4.95,0.05,1.879,-0.004,0.7,1.66
000436,77318,2020,5.02,0.047,1.554,-0.158,-0.645,1.666
000437,77318,2021,7.04,0.035,0.979,-0.034,-0.45,2.072
000438,77446,2018,4.58,0.046,2.75,0.015,0.67,1.44
000439,77446,2019,4.24,0.032,1.464,-0.1,-0.55,1.401
000440,77446,2020,5.19,0.044,2.706,-0.124,-0.67,1.441
000441,77446,2021,2.83,0.043,2.037,0.068,1.695,1.289
000442,77446,2022,5.2,0.034,1.892,-0.071,-0.235,1.612
000443,77446,2023,3.95,0.043,1.815,0.057,1.33,1.302
000444,77591,2018,6.15,0.047,1.943,-0.104,-0.4,1.671
000445,77637,2018,4.05,0.052,3.444,-0.034,0.74,1.325
000446,77637,2019,2.29,0.06,4.939,0.181,2.33,1.083
000447,77637,2020,4.7,0.051,2.328,-0.021,0.89,1.445
000448,77637,2022,3.85,0.049,2.82,0.063,0.55,1.278
000449,77637,2023,3.85,0.054,3.143,0.022,0.77,1.512
000450,77829,2018,3.08,0.063,4.667,0.096,1.63,1.157
000451,77829,2019,2.44,0.063,4.821,0.141,1.48,1.254
000452,77829,2022,2.24,0.058,3.196,0.095,1.33,1.148
000453,77829,2023,3.5,0.049,2.0,0.098,1.28,1.351
000454,77927,2020,5.75,0.039,1.625,0.002,0.56,1.722
000455,77927,2022,5.7,0.034,1.133,0.005,0.36,1.933
000456,78148,2020,3.39,0.048,2.719,0.022,0.855,1.368
000457,78148,2021,4.28,0.032,2.069,0.059,1.33,1.478
000458,78148,2022,5.24,0.03,1.536,-0.092,-0.78,1.623
000459,78148,2023,3.94,0.035,3.625,0.123,2.33,1.011
000460,78517,2020,6.05,0.034,0.963,0.003,0.56,1.632
000461,78536,2020,3.1,0.054,1.654,0.003,0.56,1.561
000462,79229,2018,6.73,0.033,1.929,-0.111,-0.82,1.722
000463,79229,2019,3.44,0.024,1.488,0.088,1.59,1.345
000464,79229,2020,5.0,0.023,1.436,-0.122,-0.67,1.749
000465,79229,2021,7.71,0.019,0.958,-0.201,-1.57,2.127
000466,79764,2018,4.64,0.044,1.84,0.001,0.56,1.422
000467,79764,2019,5.43,0.054,3.815,-0.085,-0.7,1.534
000468,79764,2020,6.75,0.033,2.462,-0.002,0.315,1.762
000469,79764,2022,3.55,0.035,1.923,0.014,0.715,1.326
000470,79764,2023,4.53,0.047,2.857,-0.027,0.22,1.452
000471,79847,2018,3.51,0.062,2.488,0.021,0.56,1.39
000472,79847,2020,7.4,0.039,1.103,-0.041,-0.26,1.677
000473,95657,2018,5.48,0.054,2.897,0.031,0.5,1.552
000474,99563,2018,5.76,0.044,3.5,-0.002,0.03,1.522
